,obdb_id,name,brewery_type,street,address_2,address_3,city,state,county_province,postal_code,website_url,phone,country,longitude,latitude,tags
1,1623-brewing-co-llc-westminister,"1623 Brewing CO, llc",contract,1146 colonel Joshua Ct,,,Westminister,Maryland,,21157,,,United States,,,
2,1781-brewing-company-spotsylvania,1781 Brewing Company,micro,11109 Plank Rd,,,Spotsylvania,Virginia,,22553-4258,,5408412598,United States,,,
3,2-silos-brewing-company-manassas,2 Silos Brewing Company,micro,9925 Discovery Blvd,,,Manassas,Virginia,,20109,http://www.2silosbrewing.com,7034202257,United States,,,
4,2-witches-winery-and-brewing-company-danville,2 Witches Winery and Brewing Company,micro,209 Trade St,,,Danville,Virginia,,24541-3545,http://www.2witcheswinebrew.com,4345492739,United States,-79.42125553,36.58590349,
5,3-stars-brewing-co-washington,3 Stars Brewing Co,micro,6400 Chillum Pl NW Ste B,,,Washington,District of Columbia,,20012-2111,http://www.3starsbrewing.com,2026700333,United States,,,
6,6-bears-and-a-goat-brewing-company-llc-fredericksburg,"6 Bears & A Goat Brewing Company, LLC",brewpub,1140 International Pkwy,,,Fredericksburg,Virginia,,22406-1126,http://www.6bgbrewingco.com,54035690562,United States,,,
7,7-locks-brewing-rockville,7 Locks Brewing,micro,12227 Wilkins Ave,,,Rockville,Maryland,,20852-1833,http://www.7locksbrewing.com,3018417123,United States,,,
8,admerk-corp-inc-washington,AdMerk Corp. Inc.,contract,20 F St NW,,,Washington,District of Columbia,,20001-6700,http://www.paugustin.com,6172028069,United States,-77.0094205,38.89742205,
9,adroit-theory-brewing-company-purcellville,Adroit Theory Brewing Company,micro,404 Browning Ct Unit C,,,Purcellville,Virginia,,20132-6171,http://www.adroit-theory.com,7034340553,United States,,,
10,adventure-brewing-co-fredericksburg,Adventure Brewing Co,micro,33 Perchwood Dr Ste 101,,,Fredericksburg,Virginia,,22405-4552,http://www.adventurebrewing.com,5402428876,United States,,,
11,adventure-south-fredericksburg,Adventure South,brewpub,3300 Dill Smith Dr,,,Fredericksburg,Virginia,,22408-7319,http://www.adventurebrewing.com,5403717799,United States,,,
12,alesatian-brewing-co-winchester,Alesatian Brewing Co.,brewpub,21 N Loudoun St,,,Winchester,Virginia,,22601-4715,http://www.alesatianbrewing.com,5406672743,United States,-78.16559208,39.18446446,
13,alewerks-brewing-company-williamsburg,Alewerks Brewing Company,micro,197 Ewell Rd,,,Williamsburg,Virginia,,23188-2185,http://www.alewerks.com,7572203670,United States,,,
14,ammo-brewing-petersburg,Ammo Brewing,micro,235 N Market St,,,Petersburg,Virginia,,23803-3207,http://www.ammobrewing.com,8047221667,United States,-77.407177,37.230765,
15,anheuser-busch-inc-williamsburg-williamsburg,Anheuser-Busch Inc ̢���� Williamsburg,large,7801 Pocahontas Trl,,,Williamsburg,Virginia,,23185-6302,http://www.anheuser-busch.com,7572533600,United States,-76.6798988,37.2652889,
16,antietam-breweryllc-hagerstown,"Antietam Brewery,LLC",micro,140 Western Maryland Pkwy Unit G,,,Hagerstown,Maryland,,21740-5197,http://www.antietambrewery.com,3017915915,United States,,,
17,apocalypse-ale-works-forest,Apocalypse Ale Works,micro,1257 Burnbridge Rd,,,Forest,Virginia,,24551-3803,http://www.apocalypsebrewworks.com,4342588761,United States,-79.28917899,37.36302124,
18,ardent-craft-ales-richmond,Ardent Craft Ales,micro,3200 W Leigh St,,,Richmond,Virginia,,23230-4410,http://www.ardentcraftales.com,8043591605,United States,-77.47201237,37.5684425,
19,aslin-beer-company-herndon,Aslin Beer Company,micro,257 Sunset Park Dr.,,,Herndon,Virginia,,20170,http://www.aslinbeer.com,7037875766,United States,,,
20,astro-lab-brewing-silver-spring,Astro Lab Brewing,planning,,,,Silver Spring,Maryland,,20910-4519,http://www.astrolabbrewing.com,3106910475,United States,,,
21,atlas-brew-works-washington,Atlas Brew Works,micro,2052 W Virginia Ave NE Ste 102,,,Washington,District of Columbia,,20002-1832,http://www.atlasbrewworks.com,2028320420,United States,,,
22,attaboy-beer-frederick,Attaboy Beer,micro,400 Sagner Ave Ste 400,,,Frederick,Maryland,,21701-6083,,4157106459,United States,,,
23,audacious-aleworks-falls-church,Audacious Aleworks,micro,110 E Fairfax St,,,Falls Church,Virginia,,22046,,,United States,-77.17234359,38.88076482,
24,b-chord-brewing-company-round-hill,B Chord Brewing Company,micro,34266 Williams Gap Rd,,,Round Hill,Virginia,,20141-2100,http://www.bchordbrewing.com,7036234542,United States,,,
25,back-bay-brewing-company-virginia-beach,Back Bay Brewing Company,micro,614 Norfolk Ave,,,Virginia Beach,Virginia,,23451-4419,http://www.backbaybrewingco.com,7575317750,United States,-75.97974414,36.83778371,
26,back-creek-brewing-company-annapolis,Back Creek Brewing Company,planning,,,,Annapolis,Maryland,,21401-4019,http://www.backcreekbrewing.com,4103206904,United States,,,
27,backroom-brewery-middletown,Backroom Brewery,brewpub,150 Ridgemont Rd,,,Middletown,Virginia,,22645-3817,http://www.backroombreweryva.com,5408698482,United States,,,
28,backshore-brewing-co-ocean-city,Backshore Brewing Co.,brewpub,913 Atlantic Ave,,,Ocean City,Maryland,,21842-6689,http://www.BackshoreBrew.com,4102890008,United States,,,
29,badwolf-brewing-company-manassas-1,BadWolf Brewing Company,micro,8420 Kao Cir,,,Manassas,Virginia,,20110-1728,http://www.badwolfbrewingcompany.com,7034792305,United States,,,
30,badwolf-brewing-company-manassas-2,BadWolf Brewing Company,micro,9776 Center St,,,Manassas,Virginia,,20110-4128,http://www.badwolfbrewingcompany.com,5713589774,United States,-77.48972051,38.75356183,
31,bald-top-brewing-company-madison,Bald Top Brewing Company,micro,1830 Thrift Rd,,,Madison,Virginia,,22727-2843,http://www.baldtopbrewing.com,5409991830,United States,-78.2625296,38.3772921,
32,ballad-brewing-danville,Ballad Brewing,micro,600 Craghead St,,,Danville,Virginia,,24541-1504,http://www.balladbrewing.com,8049250109,United States,-79.386371,36.584786,
33,ballast-point-brewing-company-daleville,Ballast Point Brewing Company,large,555 International Pkwy,,,Daleville,Virginia,,24083-3028,,5405913059,United States,-79.91380298,37.43575624,
34,baltimore-washington-beer-works-dundalk,Baltimore Washington Beer Works,contract,2500 Grays Rd,,,Dundalk,Maryland,,21222,http://www.ravenbeer.com,4438476223,United States,,,
35,bardo-brewpub-washington,Bardo Brewpub,micro,25 Potomac Ave SE,,,Washington,District of Columbia,,20003-3670,http://www.bardo.beer,7622337070,United States,-77.00658302,38.87165373,
36,barley-and-hops-grill-frederick,Barley and Hops Grill,brewpub,5473 Urbana Pike,,,Frederick,Maryland,,21704-7275,http://www.barleyandhops.net,3016685555,United States,-77.3995969,39.38204685,
37,barley-naked-brewing-company-stafford,Barley Naked Brewing Company,planning,,,,Stafford,Virginia,,22554,http://www.barleynaked.com,5406234475,United States,,,
38,barnhouse-brewery-leesburg,Barnhouse Brewery,brewpub,43271 Spinks Ferry Rd,,,Leesburg,Virginia,,20176-5629,http://www.barnhousebrewery.com,7036758480,United States,,,
39,barrel-oak-farm-taphouse-delaplane,Barrel Oak Farm Taphouse,micro,3623 Grove Ln,,,Delaplane,Virginia,,20144-2226,http://www.barreloak.com,5403646402,United States,,,
40,basic-city-beer-co-southside-rva-richmond,Basic City Beer Co. (Southside RVA),micro,212 W 6th St,,,Richmond,Virginia,,23224,https://www.basiccitybeer.com/rva-map,8044474735,United States,,,
41,basic-city-beer-co-waynesboro,Basic City Beer Co.,micro,1010 E Main St,,,Waynesboro,Virginia,,22980-5855,http://www.basiccitybeer.com,8162713211,United States,-78.87398588,38.0644451,
42,battlefield-brewing-co-fredericksburg,Battlefield Brewing Co,brewpub,4187 Plank Rd,,,Fredericksburg,Virginia,,22407-4896,,5407852164,United States,,,
43,bc-brewery-hunt-valley,B.C. Brewery,micro,10950 Gilroy Rd Ste F,,,Hunt Valley,Maryland,,21031-1327,http://www.bcbrewerymd.com,4433913847,United States,,,
44,beales-bedford,Beale's,brewpub,510 Grove St,,,Bedford,Virginia,,24523,http://www.bealesbeer.com,,United States,-79.51785,37.33585,
45,bear-chase-brewing-company-bluemont,Bear Chase Brewing Company,planning,,,,Bluemont,Virginia,,20135,,,United States,,,
46,bedlam-brewing-llc-staunton,Bedlam Brewing LLC,brewpub,2303 N Augusta St,,,Staunton,Virginia,,24401-2597,http://www.facebook.com/Bedlam-Brewing-536957559822021,5402211305,United States,-79.05582568,38.16800319,
47,beer-hound-brewery-culpeper,Beer Hound Brewery,contract,201 Waters Pl Apt 102,,,Culpeper,Virginia,,22701-3102,,5403175327,United States,,,
48,belly-love-brewing-company-purcellville,Belly Love Brewing Company,brewpub,725 E Main St,,,Purcellville,Virginia,,20132-3178,http://www.bellylovebrewing.com,5404413159,United States,-77.7015903,39.1364247,
49,beltway-brewing-company-sterling,Beltway Brewing Company,micro,22620 Davis Dr Ste 110,,,Sterling,Virginia,,20164-4470,http://www.beltwaybrewco.com,5719892739,United States,-77.4172876,38.9914289,
50,benchtop-brewing-company-norfolk,Benchtop Brewing Company,micro,1129 Boissevain Ave,,,Norfolk,Virginia,,23507-1401,http://www.benchtopbrewing.com,7573219482,United States,-76.30742245,36.86493389,
51,big-data-brewing-company-llc-sterling,Big Data Brewing Company LLC,planning,,,,Sterling,Virginia,,20165-7227,http://www.bigdatabrewco.com/,5713088293,United States,,,
52,big-lick-brewing-company-roanoke,Big Lick Brewing Company,micro,409 Salem Ave SW,,,Roanoke,Virginia,,24016,http://www.biglickbrewingco.com,5405628383,United States,-79.94873144,37.2724144,
53,big-truck-brewery-parkton,Big Truck Brewery,planning,,,,Parkton,Maryland,,21120-9004,http://www.bigtruckfarms.com,4436775451,United States,,,
54,big-ugly-brewing-co-chesapeake,Big Ugly Brewing Co,micro,1296 Battlefield Blvd S,,,Chesapeake,Virginia,,23322-4378,http://www.biguglybrewing.com,7576092739,United States,-76.22847989,36.67862015,
55,bike-trale-brewing-leesburg,Bike TrAle Brewing,micro,101 Loudoun St SE,,,Leesburg,Virginia,,20175-3106,http://www.BikeTrAleBrewing.com,5712930050,United States,-77.562422,39.113418,
56,billsburg-brewery-williamsburg,Billsburg Brewery,micro,2054 Jamestown Rd,,,Williamsburg,Virginia,,23185-7911,http://www.billsburg.com,,United States,-76.7129558,37.2682365,
57,bingo-beer-company-richmond,Bingo Beer Company,planning,2900 W Broad St,,,Richmond,Virginia,,23230,http://www.bingorva.com/,8043975226,United States,,,
58,bird-brain-brewing-company-leesburg,Bird Brain Brewing Company,contract,435 Nikki Ter SE,,,Leesburg,Virginia,,20175-8962,,,United States,-77.54348368,39.09389489,
59,bird-nickel-brewing-company-easton,Bird Nickel Brewing Company,planning,,,,Easton,Maryland,,21601-3904,,4103106042,United States,,,
60,black-flag-brewing-company-columbia,Black Flag Brewing Company,micro,9315 Snowden River Pkwy,,,Columbia,Maryland,,21046-2091,http://www.blackflagbrewingco.com,4438645139,United States,-76.810364,39.192524,
61,black-hoof-brewing-leesburg,Black Hoof Brewing,micro,11 S King St,,,Leesburg,Virginia,,20175-2903,,5717078014,United States,-77.5648925,39.1150351,
62,black-narrows-brewing-company-chincoteague,Black Narrows Brewing Company,micro,4522 Chicken City Rd,,,Chincoteague,Virginia,,23336-2303,http://www.blacknarrowsbrewing.com,7869994877,United States,-75.36219281,37.93125647,
63,black-walnut-brewery-leesburg,Black Walnut Brewery,micro,210 S King St,,,Leesburg,Virginia,,20175-3010,,7037719474,United States,-77.5649731,39.1127558,
64,blue-mountain-barrel-house-and-organic-brewery-arrington,Blue Mountain Barrel House and Organic Brewery,micro,495 Cooperative Way,,,Arrington,Virginia,,22922-3305,http://www.bluemountainbarrel.com,4342634002,United States,,,
65,blue-mountain-brewery-afton,Blue Mountain Brewery,micro,9519 Critzers Shop Rd,,,Afton,Virginia,,22920-2415,http://www.bluemountainbrewery.com,5404568020,United States,,,
66,bluejacket-washington,Bluejacket,brewpub,300 Tingey St SE,,,Washington,District of Columbia,,20003-4625,http://www.bluejacketdc.com,,United States,-77.0006981,38.8750965,
67,box-office-brewery-strasburg,Box Office Brewery,planning,,,,Strasburg,Virginia,,22657-2238,http://Info@boxofficebrewery.com,5402333353,United States,,,
68,brass-cannon-brewing-williamsburg,Brass Cannon Brewing,micro,5476 Mooretown Rd,,,Williamsburg,Virginia,,23188-2108,http://www.brasscannonbrewing.com,7575660001,United States,,,
69,brawling-bear-gaithersburg,Brawling Bear,micro,15 Fulks Corner Ave,,,Gaithersburg,Maryland,,20877-2067,http://www.brawlingbear.com,2408423272,United States,,,
70,brew-house-no-16-baltimore,Brew House No 16,brewpub,831 N Calvert St,,,Baltimore,Maryland,,21202-3705,http://www.brewhouseno16.com,4106594084,United States,-76.61271192,39.29963095,
71,brew-republic-bierwerks-woodbridge,Brew Republic Bierwerks,brewpub,15201 Potomac Town Pl Ste 120 Stonebridge @ Potomac Town Center,,,Woodbridge,Virginia,,22191-6592,http://brewrepublic.beer,7035947950,United States,,,
72,brewers-alley-restaurant-and-brewery-frederick,Brewer's Alley Restaurant and Brewery,brewpub,124 N Market St,,,Frederick,Maryland,,21701-5422,http://www.brewers-alley.com,3016310089,United States,-77.41045515,39.41607325,
73,brewing-tree-beer-company-afton,Brewing Tree Beer Company,micro,9278 Rockfish Valley Hwy,,,Afton,Virginia,,22920,,5403810990,United States,,,
74,brick-and-mortar-brewing-company-suffolk,Brick & Mortar Brewing Company,micro,212 E Washington St,,,Suffolk,Virginia,,23434-4514,,7575331173,United States,-76.57994305,36.72740683,
75,bristol-station-brews-and-taproom-bristol,Bristol Station Brews & Taproom,micro,41 Piedmont Ave,,,Bristol,Virginia,,24201-4160,http://www.bristolbrew.com,2766081220,United States,-82.1842085,36.59629295,
76,broken-gate-brewing-baltimore,Broken Gate Brewing,planning,,,,Baltimore,Maryland,,21230-4464,,3103453570,United States,,,
77,brookeville-beer-farm-brookeville,Brookeville Beer Farm,micro,20315 Georgia Ave,,,Brookeville,Maryland,,20833-1711,http://www.brookevillebeerfarm.com,3012601000,United States,-77.0579247,39.1780888,
78,brothers-craft-brewing-harrisonburg,Brothers Craft Brewing,micro,800 N Main St,,,Harrisonburg,Virginia,,22802-4625,http://www.brotherscraftbrewing.com,5404216599,United States,-78.861099,38.45757,
79,buffalo-mountain-brewery-floyd,Buffalo Mountain Brewery,micro,332 Webbs Mill Rd N,,,Floyd,Virginia,,24091,,,United States,-80.32462582,36.92079563,
80,bull-and-bones-brewhaus-and-grill-blacksburg,Bull & Bones Brewhaus & Grill,brewpub,1470 S Main St Ste 120,,,Blacksburg,Virginia,,24060-5571,http://www.bullandbones.com,5409532855,United States,,,
81,bull-and-goat-brewery-centreville,Bull and Goat Brewery,micro,204 Banjo Ln,,,Centreville,Maryland,,21617-1067,http://www.bullandgoatbrewery.com,,United States,,,
82,bull-island-brewing-company-hampton,Bull Island Brewing Company,brewpub,758 Settlers Landing Rd,,,Hampton,Virginia,,23669-4035,http://www.bullislandbrewing.com,7577889489,United States,-76.34206545,37.02487345,
83,burley-oak-craft-brewery-berlin,Burley Oak Craft Brewery,micro,10016 Old Ocean City Blvd,,,Berlin,Maryland,,21811-1145,http://www.burleyoak.com,4104228887,United States,-75.2169864,38.3336448,
84,bw-farm-llc-owings,"BW Farm, LLC",planning,,,,Owings,Maryland,,20736-9109,,2406727995,United States,,,
85,caboose-brewing-co-vienna,Caboose Brewing Co.,brewpub,520 Mill St NE,,,Vienna,Virginia,,22180-4526,http://caboosebrewing.com,7034734870,United States,-77.2705542,38.9077525,
86,calvert-brewing-co-prince-frederick,Calvert Brewing Co,micro,150 Adelina Rd,,,Prince Frederick,Maryland,,20678-3709,http://www.calvertbrewingcompany.com,4104148486,United States,,,
87,calvert-brewing-co-upper-marlboro,Calvert Brewing Co,micro,15850 Commerce Ct,,,Upper Marlboro,Maryland,,20774-7437,http://calvertbrewingcompany.com,2402454609,United States,,,
88,canon-and-draw-brewing-company-richmond,Canon & Draw Brewing Company,micro,1527 W Main St,,,Richmond,Virginia,,23220,http://www.canonanddraw.beer,8043530536,United States,-77.46012854,37.54707897,
89,cape-charles-brewing-company-cape-charles,Cape Charles Brewing Company,brewpub,2198 Stone Rd,,,Cape Charles,Virginia,,23310-2706,http://www.capecharlesbrewing.com,7574494839,United States,-75.992111,37.269795,
90,capitol-city-brewing-co-washington,Capitol City Brewing Co,contract,2 Massachusetts Ave NE,,,Washington,District of Columbia,,20002-4945,http://www.capcitybrew.com,2028422337,United States,-77.0082686,38.8979293,
91,capstan-bar-brewing-company-hampton,Capstan Bar Brewing Company,micro,2036 Exploration Way,,,Hampton,Virginia,,23666-6260,http://www.capstanbarbrewing.com,7577887276,United States,-76.3994756,37.082339,
92,castleburg-brewery-richmond,Castleburg Brewery,micro,1626 Ownby Ln,,,Richmond,Virginia,,23220-1317,http://www.castleburgbrewery.com,8043531256,United States,,,
93,cedar-run-brewery-nokesville,Cedar Run Brewery,planning,,,,Nokesville,Virginia,,20181-2506,,7032032641,United States,,,
94,center-of-the-universe-brewing-co-ashland,Center of the Universe Brewing Co,micro,11293 Air Park Rd,,,Ashland,Virginia,,23005-3436,http://www.cotubrewing.com,8043680299,United States,,,
95,champion-brewing-company-charlottesville,Champion Brewing Company,micro,324 6th St SE,,,Charlottesville,Virginia,,22902-5655,http://www.championbrewingcompany.com,4342952739,United States,-78.4784691,38.0277402,
96,chaos-mountain-brewing-llc-callaway,"Chaos Mountain Brewing, LLC",micro,3135 Dillons Mill Rd,,,Callaway,Virginia,,24067-2615,http://www.chaosmountainbrewing.com,5403341600,United States,,,
97,checkerspot-brewing-company-baltimore,Checkerspot Brewing Company,brewpub,175 W Ostend St,,,Baltimore,Maryland,,21230,http://www.checkerspotbrewing.com,4105915527,United States,-76.6195028,39.2749156,
98,chesapeake-brewing-co-annapolis,Chesapeake Brewing Co,brewpub,114 West St,,,Annapolis,Maryland,,21401-2802,http://www.chesbrewco.com,4102680000,United States,-76.4974843,38.9780984,
99,chesepiooc-real-ale-brewery-crofton,Chesepiooc Real Ale Brewery,micro,2408 Crofton Blvd,,,Crofton,Maryland,,21114,http://www.brewcrab.com,4106301579,United States,-76.69804666,39.01687169,
100,chubby-squirrel-brewing-company-fairfax,Chubby Squirrel Brewing Company,brewpub,10382 Willard Way,,,Fairfax,Virginia,,22030-2508,http://www.chubbysquirrelbrewing.com,5405588040,United States,-77.30201557,38.84818941,
101,city-state-brewing-company-washington,City-State Brewing Company,planning,,,,Washington,District of Columbia,,20017-2518,http://citystatebrewing.com,2025310481,United States,,,
102,coelacanth-brewing-norfolk,Coelacanth Brewing,micro,760A W 22nd St,,,Norfolk,Virginia,,23517-1925,http://www.coelacanth.com,7573836438,United States,-76.29561292,36.87169977,
103,commonwealth-brewing-co-virginia-beach,Commonwealth Brewing Co.,micro,2444 Pleasure House Rd,,,Virginia Beach,Virginia,,23455-1348,http://www.commonwealthbrewco.com,7573059652,United States,-76.1318655,36.9135253,
104,cooling-pond-brewery-mineral,Cooling Pond Brewery,planning,,,,Mineral,Virginia,,23117,,5409055430,United States,,,
105,corcoran-brewing-purcellville,Corcoran Brewing,micro,205 Hirst Rd Ste 105,,,Purcellville,Virginia,,20132-6199,http://www.corcoranbrewing.com,5408829073,United States,-77.71365587,39.14390693,
106,costa-ventosa-winery-and-vineyard-whaleyville,Costa Ventosa Winery & Vineyard,brewpub,9031 Whaleyville Rd,,,Whaleyville,Maryland,,21872-2116,http://www.costaventosa.com,4433339867,United States,-75.26004107,38.42358687,
107,creek-bottom-brewing-galax,Creek Bottom Brewing,brewpub,307 N Meadow St,,,Galax,Virginia,,24333-3019,http://www.creekbottombrewing.com,2762362337,United States,-80.92094471,36.66708636,
108,crooked-crab-brewing-company-odenton,Crooked Crab Brewing Company,micro,8251 Telegraph Rd,,,Odenton,Maryland,,21113,http://www.cookedcrabbrewing.com,4435699187,United States,-76.69482405,39.09729159,
109,crooked-run-brewing-leesburg,Crooked Run Brewing,micro,205 Harrison St SE,,,Leesburg,Virginia,,20175-3702,http://crookedrunbrewing.com,5713752652,United States,-77.56287085,39.11226781,
110,cult-classic-brewing-stevensville,Cult Classic Brewing,planning,,,,Stevensville,Maryland,,21666-4051,http://www.cultclassicbrewing.com,4432236480,United States,,,
111,cushwa-brewing-co-williamsport,Cushwa Brewing Co,micro,10212 Governor Lane Blvd Ste 1012,,,Williamsport,Maryland,,21795,http://www.cushwabrewing.com,,United States,,,
112,damascus-brewery-damascus,Damascus Brewery,micro,32173 Government Rd,,,Damascus,Virginia,,24236-,http://www.thedamascusbrewery.com,2764691069,United States,-81.80251841,36.63973356,
113,dc-brau-brewing-company-washington,DC Brau Brewing Company,regional,3178 Bladensburg Rd NE Ste B,,,Washington,District of Columbia,,20018-2214,http://www.dcbrau.com,2026218890,United States,,,
114,dempseys-brew-pub-and-restaurant-baltimore-baltimore,Dempsey's Brew Pub and Restaurant - Baltimore,brewpub,333 W Camden St,,,Baltimore,Maryland,,21201,http://www.dempseysbaltimore.com,4108437901,United States,-76.62013833,39.28518467,
115,denizens-brewing-company-silver-spring,Denizens Brewing Company,brewpub,1115 E West Hwy,,,Silver Spring,Maryland,,20910-4852,http://www.denizensbrewingco.com,3015579818,United States,-77.02848142,38.98957715,
116,devils-backbone-brewing-co-basecamp-roseland,Devils Backbone Brewing Co - Basecamp,large,200 Mosbys Run,,,Roseland,Virginia,,22967-8551,http://www.dbbrewingcompany.com,4343611001,United States,,,
117,devils-backbone-brewing-co-outpost-production-facility-lexington,Devils Backbone Brewing Co - Outpost Production Facility,large,50 Northwind Ln,,,Lexington,Virginia,,24450-3303,http://www.dbbrewingcompany.com,4343611001,United States,,,
118,dirt-farm-brewing-bluemont,Dirt Farm Brewing,brewpub,18701 Foggy Bottom Rd,,,Bluemont,Virginia,,20135-1858,http://www.dirtfarmbrewing.com,5405542337,United States,,,
119,district-chophouse-and-brewery-washington,District ChopHouse and Brewery,brewpub,509 7th St NW,,,Washington,District of Columbia,,20004-1600,http://www.districtchophouse.com,2023473434,United States,-77.0216694,38.8965132,
120,dog-money-restaurant-leesburg,Dog Money Restaurant,brewpub,50 Catoctin Cir NE STE 100,,,Leesburg,Virginia,,20176-3102,http://dogmoneyllc.com,7035775452,United States,,,
121,dogtown-brewing-richmond,Dogtown Brewing,brewpub,1209 Hull St,,,Richmond,Virginia,,23224,https://www.dogtownbrewingco.com/,8047242337,United States,,,
122,dragon-hops-brewing-purcellville,Dragon Hops Brewing,micro,130 E Main St,,,Purcellville,Virginia,,20132-3162,http://www.dragonhopsbrewing.com,5404413279,United States,-77.69298485,39.1360524,
123,dragon-run-brewing-manquin,Dragon Run Brewing,planning,,,,Manquin,Virginia,,23106,http://www.dragonrunbrewing.com,8043800730,United States,,,
124,duclaw-brewing-co-baltimore,DuClaw Brewing Co,regional,8901 Yellow Brick Rd Ste B,,,Baltimore,Maryland,,21237-2349,http://www.duclaw.com,4435599900,United States,,,
125,dynasty-brewing-company-ashburn,Dynasty Brewing Company,planning,,,,Ashburn,Virginia,,20147,http://www.dynastybrewing.com,7037279229,United States,,,
126,eastern-shore-brewing-saint-michaels,Eastern Shore Brewing,micro,605 S Talbot St,,,Saint Michaels,Maryland,,21663,http://www.easternshorebrewing.com,4107458010,United States,-76.2219945,38.78113562,
127,eavesdrop-brewery-manassas,Eavesdrop Brewery,micro,7223 Centreville Rd Ste 115,,,Manassas,Virginia,,20111,http://www.eavesdropbrewery.com,7034208955,United States,-77.469,38.752531,
128,elation-brewing-norfolk,Elation Brewing,planning,,,,Norfolk,Virginia,,23508,,7574696020,United States,,,
129,elder-pine-brewing-and-blending-co-gaithersburg,Elder Pine Brewing and Blending Co,micro,4200 Sundown Rd,,,Gaithersburg,Maryland,,20882,http://www.elderpine.com,,United States,,,
130,ellicott-mills-brewing-co-ellicott-city,Ellicott Mills Brewing Co,brewpub,8308 Main St,,,Ellicott City,Maryland,,21043-4601,http://www.ellicottmillsbrewing.com,4103138141,United States,-76.79944314,39.2681041,
131,escutcheon-brewing-co-winchester,Escutcheon Brewing Co.,micro,142 W Commercial St,,,Winchester,Virginia,,22601-4828,http://www.escutcheonbrewing.com,5407733042,United States,-78.1634732,39.19554464,
132,evolution-craft-brewing-co-salisbury,Evolution Craft Brewing Co,regional,200 Elmwood St,,,Salisbury,Maryland,,21804-5522,http://www.evolutioncraftbrewing.com,4432602337,United States,-75.595254,38.361979,
133,evolution-craft-brewing-co-salisbury-salisbury,Evolution Craft Brewing Co - Salisbury,brewpub,201 E Vine St,,,Salisbury,Maryland,,21804-5515,,,United States,-75.595628,38.360471,
134,extra-billys-brewery-and-smokehouse-midlothian,Extra Billys Brewery and Smokehouse,brewpub,1110 Alverser Dr,,,Midlothian,Virginia,,23113-2654,http://www.extrabillys.com,8043798727,United States,,,
135,fair-winds-brewing-company-lorton,Fair Winds Brewing Company,micro,7000 Newington Rd Ste K& # L,,,Lorton,Virginia,,22079-1133,http://www.fairwindsbrewing.com,7033722001,United States,,,
136,falling-branch-brewery-street,Falling Branch Brewery,micro,825 Highland Rd,,,Street,Maryland,,21154-1312,http://fallingbranchbeer.com,,United States,-76.3708166,39.66665004,
137,far-gohn-brewing-company-culpeper,Far Gohn Brewing Company,micro,301 S East St,,,Culpeper,Virginia,,22701-3105,http://www.fargohnbrewing.com,5404232089,United States,,,
138,farmacy-brewing-reisterstown,Farmacy Brewing,planning,,,,Reisterstown,Maryland,,21136-3817,,4109352551,United States,,,
139,final-gravity-brewing-co-henrico,Final Gravity Brewing Co.,micro,6118 Lakeside Ave,,,Henrico,Virginia,,23228,,8042644808,United States,-77.46933476,37.61145549,
140,fine-creek-brewing-company-powhatan,Fine Creek Brewing Company,brewpub,2425 Robert E Lee Rd,,,Powhatan,Virginia,,23139-4411,http://www.finecreekbrewing.com,,United States,-77.81761305,37.59794,
141,flying-dog-brewery-frederick,Flying Dog Brewery,regional,4607 Wedgewood Blvd,,,Frederick,Maryland,,21703-7120,http://www.flyingdogbrewery.com,3016947899,United States,-77.42679107,39.3628322,
142,flying-mouse-brewery-troutville,Flying Mouse Brewery,micro,221 Precast Way,,,Troutville,Virginia,,24175-6099,,,United States,,,
143,forge-brew-works-lorton,Forge Brew Works,brewpub,8532 Terminal Rd Ste M,,,Lorton,Virginia,,22079-1428,http://www.forgebrewworks.com,7033722979,United States,,,
144,franklins-general-store-hyattsville,Franklins General Store,micro,5123 Baltimore Ave,,,Hyattsville,Maryland,,20781-2042,http://Franklinsbrewery.com,3019272740,United States,-76.94074114,38.95194399,
145,freys-brewing-company-mount-airy,Frey's Brewing Company,micro,8601 Mapleville Rd,,,Mount Airy,Maryland,,21771-9705,http://www.freysbrewing.com,3016397146,United States,,,
146,frisco-tap-house-and-push-brewery-columbia,Frisco Tap House & Push Brewery,brewpub,6695 Dobbin Rd,,,Columbia,Maryland,,21045-4755,http://www.friscogrille.com,4103124907,United States,-76.8252248,39.1860574,
147,front-royal-brewing-company-llc-front-royal,"Front Royal Brewing Company, LLC",brewpub,122 E Main St,,,Front Royal,Virginia,,22630-3337,http://www.frontroyalbrewing.com,5403610773,United States,-78.19199641,38.9180285,
148,full-tilt-brewing-baltimore,Full Tilt Brewing,contract,5604 York Road,,,Baltimore,Maryland,,21212,http://www.fulltiltbrewing.com,,United States,,,
149,garden-grove-brewing-company-richmond,Garden Grove Brewing Company,micro,3445 W Cary St,,,Richmond,Virginia,,23221-2726,http://www.gardengrovebrewing.com,8043386029,United States,-77.48597999,37.55495022,
150,gloucester-brewing-company-gloucester,Gloucester Brewing Company,planning,,,,Gloucester,Virginia,,23061,,,United States,,,
151,gordon-biersch-brewery-restaurant-annapolis-annapolis,Gordon Biersch Brewery Restaurant - Annapolis,brewpub,1906 Towne Centre Blvd Ste 155,,,Annapolis,Maryland,,21401-3681,http://www.craftworksrestaurants.com,4102665965,United States,,,
152,gordon-biersch-brewery-restaurant-baltimore-baltimore,Gordon Biersch Brewery Restaurant - Baltimore,brewpub,1000 Lancaster St Ste B,,,Baltimore,Maryland,,21202-4631,http://www.craftworksrestaurants.com,4102309501,United States,,,
153,gordon-biersch-brewery-restaurant-navy-yard-washington,Gordon Biersch Brewery Restaurant - Navy  Yard,brewpub,100 M St SE,,,Washington,District of Columbia,,20003-3519,http://www.gordonbiersch.com/locations/navy-yard?action=view,2024842739,United States,-77.0052971,38.8766834,
154,gordon-biersch-brewery-restaurant-rockville-rockville,Gordon Biersch Brewery Restaurant - Rockville,brewpub,200 E Middle Ln Unit A,,,Rockville,Maryland,,20850-2206,http://www.craftworksrestaurants.com,3013407159,United States,,,
155,gordon-biersch-brewery-restaurant-tysons-corner-mc-lean,Gordon Biersch Brewery Restaurant - Tysons Corner,brewpub,7861 Tysons Corner Center,,,Mc Lean,Virginia,,22102-4515,http://www.craftworksrestaurants.com,7033885454,United States,,,
156,gordon-biersch-brewery-restaurant-virginia-beach-virginia-beach,Gordon Biersch Brewery Restaurant - Virginia Beach,brewpub,4561 Virginia Beach Blvd,,,Virginia Beach,Virginia,,23462-3015,http://www.craftworksrestaurants.com,7574902739,United States,-76.1345641,36.8432205,
157,gordon-biersch-brewery-restaurant-washington-washington,Gordon Biersch Brewery Restaurant - Washington,brewpub,900 F St NW,,,Washington,District of Columbia,,20004-1404,http://www.gordonbiersch.com/locations/washington-dc?action=view,2027835454,United States,-77.0243479,38.8971375,
158,grail-point-brewery-emmitsburg,Grail Point Brewery,proprietor,,,,Emmitsburg,Maryland,,21727-0702,http://www.grailpointbeer.co,2408442379,United States,,,
159,granite-city-food-and-brewery-oxon-hill,Granite City Food & Brewery,brewpub,200 American Way,,,Oxon Hill,Maryland,,20745-4502,,2404933900,United States,,,
160,great-american-restaurants-sweetwater-tavern-centreville,"Great American Restaurants, Sweetwater Tavern",brewpub,14250 Sweetwater Ln,,,Centreville,Virginia,,20121-5336,http://www.greatamericanrestaurants.com,7034491100,United States,-77.43946496,38.82898546,
161,great-american-restaurants-sweetwater-tavern-falls-church,"Great American Restaurants, Sweetwater Tavern",brewpub,3066 Gate House Plz,,,Falls Church,Virginia,,22042-1028,http://www.greatamericanrestaurants.com,7036458100,United States,,,
162,great-american-restaurants-sweetwater-tavern-sterling,"Great American Restaurants, Sweetwater Tavern",brewpub,45980 Waterview Plz,,,Sterling,Virginia,,20166-6556,http://www.greatamericanrestaurants.com,5714346500,United States,,,
163,great-valley-farm-brewery-natural-bridge,Great Valley Farm Brewery,micro,60 Great Valley Ln,,,Natural Bridge,Virginia,,24578-1100,http://greatvalleyfarmbrewery.com,5405216163,United States,,,
164,greene-growlers-gaithersburg,Greene Growlers,brewpub,227 E Diamond Ave,,,Gaithersburg,Maryland,,20877,http://www.greenegrowlers.com,2402616196,United States,-77.19355584,39.1419364,
165,greenspring-brewing-company-chesapeake-beach,Greenspring Brewing Company,micro,,,,Chesapeake Beach,Maryland,,20732-4664,http://www.greenspringbrewingcompany.com,4102063918,United States,,,
166,grey-tower-brewing-ashburn,Grey Tower Brewing,planning,,,,Ashburn,Virginia,,20147-5433,,7032093107,United States,,,
167,griffin-owens-insurance-group-herndon,Griffin Owens Insurance Group,planning,,,,Herndon,Virginia,,20170-4609,http://www.griffinowens.com,7034710050,United States,,,
168,growling-bear-brewing-company-woodbridge,Growling Bear Brewing Company,micro,14051 Crown Ct,,,Woodbridge,Virginia,,22193-1458,,,United States,,,
169,guanacaste-brewing-llc-lorton,Guanacaste Brewing LLC,planning,,,,Lorton,Virginia,,22079,http://www.guanacastebrewingllc.com,7038537687,United States,,,
170,guinness-open-gate-brewery-and-barrel-house-halethorpe,Guinness Open Gate Brewery and Barrel House,large,5001 Washington Blvd,,,Halethorpe,Maryland,,21227-5000,,9022663839,United States,-76.69843865,39.222265,
171,gypsy-brewing-company-huntingtown,Gypsy Brewing Company,micro,,,,Huntingtown,Maryland,,20639,,,United States,,,
172,hammer-and-forge-brewing-company-boones-mill,Hammer & Forge Brewing Company,micro,70 Main Street,,,Boones Mill,Virginia,,24064,http://www.hammerandforgebrewing.com,5406133913,United States,-79.95438626,37.1151673,
173,hardywood-park-craft-brewery-charlottesville-charlottesville,Hardywood Park Craft Brewery-Charlottesville,micro,1000 W Main St,,,Charlottesville,Virginia,,22903-3277,,4342343386,United States,-78.49505511,38.03257623,
174,hardywood-park-craft-brewery-richmond,Hardywood Park Craft Brewery,micro,2408 Ownby Ln,,,Richmond,Virginia,,23220-1319,http://www.hardywood.com,8044202420,United States,,,
175,hardywood-west-creek-richmond,Hardywood West Creek,micro,820 Sanctuary Trail Dr,,,Richmond,Virginia,,23238,http://hardywood.com/visit-us/westcreek/,8044183548,United States,,,
176,hawksbill-brewing-company-luray,Hawksbill Brewing Company,micro,22 Zerkel St,,,Luray,Virginia,,22835-1913,http://www.hawksbillbrewing.com,5408605608,United States,-78.45970045,38.66335774,
177,heart-and-solar-brewing-parkton,Heart & Solar Brewing,planning,,,,Parkton,Maryland,,21120-9253,http://www.heartandsolarbrewing.com,4104938030,United States,,,
178,heavy-seas-beer-baltimore,Heavy Seas Beer,regional,4615 Hollins Ferry Rd Ste B,,,Baltimore,Maryland,,21227-4624,http://www.hsbeer.com,4102477822,United States,,,
179,hellbender-brewing-company-washington,Hellbender Brewing Company,micro,5788 2nd St NE,,,Washington,District of Columbia,,20011-2524,http://www.hellbenderbeer.com,2022301030,United States,-77.0053314,38.9603005,
180,heritage-brewing-co-manassas,Heritage Brewing Co,micro,9436 Center Point Ln,,,Manassas,Virginia,,20110-1810,http://www.heritagebrews.com,5712081355,United States,-77.48841476,38.75075083,
181,high-speed-low-drag-brewing-llc-alexandria,High Speed Low Drag Brewing LLC,planning,,,,Alexandria,Virginia,,22307-2001,http://www.kirklippold.com,7756849197,United States,,,
182,highmark-brewery-fredericksburg,Highmark Brewery,micro,390 Kings Hwy,,,Fredericksburg,Virginia,,22405-3245,http://www.highmarkbrewery.com,7633007575,United States,-77.4551104,38.3053991,
183,hillsborough-farm-brewery-hillsborough-vineyards-purcellville,Hillsborough Farm Brewery / Hillsborough Vineyards,planning,,,,Purcellville,Virginia,,20132,,,United States,,,
184,home-republic-virginia-beach,Home Republic,micro,328 Laskin Rd,,,Virginia Beach,Virginia,,23451-3020,http://www.homerepublicvabeach.com,7572269593,United States,-75.97981433,36.85912408,
185,hopkins-ordinary-ale-works-sperryville,Hopkins Ordinary Ale Works,micro,47 Main St,,,Sperryville,Virginia,,22740-,http://www.hopkinsordinary.com,5409873383,United States,-78.227195,38.65781167,
186,hops-and-pops-middleburg,Hops and Pops,planning,,,,Middleburg,Virginia,,20117,,5406876539,United States,,,
187,hops-grillhouse-and-brewery-alexandria,Hops Grillhouse and Brewery,contract,3625 Jefferson Davis Hwy,,,Alexandria,Virginia,,22305-3133,http://www.hopsrestaurants.com,7038379107,United States,-77.0523751,38.8399578,
188,hopscratch-farm-and-brewery-harwood,HopScratch Farm & Brewery,planning,,,,Harwood,Maryland,,20776,,,United States,,,
189,house-6-brewing-ashburn,House 6 Brewing,planning,,,,Ashburn,Virginia,,20147,http://www.house6brewing.com,5855205710,United States,,,
190,house-cat-brewing-company-frederick,House Cat Brewing Company,planning,,,,Frederick,Maryland,,21704,,3016050733,United States,,,
191,hysteria-brewing-company-columbia,Hysteria Brewing Company,micro,9570 Berger Rd Ste J,,,Columbia,Maryland,,21046-1559,http://www.hysteriabrewing.com,4103608319,United States,,,
192,independent-brewing-company-bel-air,Independent Brewing Company,micro,418 N Main St,,,Bel Air,Maryland,,21014-3509,,4108368313,United States,-76.35647784,39.53986125,
193,intermission-beer-company-glen-allen,Intermission Beer Company,micro,10089 Brook Rd unit A,,,Glen Allen,Virginia,,23059,https://www.intermissionbeer.com/,8045850405,United States,,,
194,isley-brewing-company-richmond,Isley Brewing Company,micro,1715 Summit Ave,,,Richmond,Virginia,,23230-4515,http://www.isleybrewingcompany.com,8047162132,United States,-77.46838631,37.56890085,
195,jack-masons-tavern-and-brewery-clifton-forge,Jack Mason's Tavern and Brewery,brewpub,400 E Ridgeway St,,,Clifton Forge,Virginia,,24422-1327,http://www.jackmasonstavern.com,5408625624,United States,-79.82746218,37.81505479,
196,jacks-run-brewing-co-purcellville,Jack's Run Brewing Co,micro,108 North 21st Street,,,Purcellville,Virginia,,20132,http://www.jacksrunbrewing.com,5404413382,United States,-77.71491185,39.13704895,
197,jailbreak-brewing-company-laurel,Jailbreak Brewing Company,micro,9445 Washington Blvd N Ste F,,,Laurel,Maryland,,20723-1380,http://www.jailbreakbrewing.com,4433459699,United States,,,
198,james-river-brewery-scottsville,James River Brewery,micro,561 Valley St,,,Scottsville,Virginia,,24590-4983,http://www.jrbrewery.com/home.html,4342867837,United States,-78.49611667,37.80066298,
199,johanssons-dining-house-westminster,Johanssons Dining House,brewpub,4 W Main St,,,Westminster,Maryland,,21157-4816,http://www.johanssonsdininghouse.com,4108760101,United States,-76.9959315,39.5753896,
200,jurnee-brewing-company-chantilly,Jurnee Brewing Company,planning,,,,Chantilly,Virginia,,20152-2075,http://www.jurneebeers.com,,United States,,,
201,key-brewing-co-dundalk,Key Brewing Co.,micro,2500 Grays Rd,,,Dundalk,Maryland,,21222-5044,,,United States,,,
202,kindred-spirit-brewing-richmond,Kindred Spirit Brewing,brewpub,12830 West Creek Pkwy Ste J,,,Richmond,Virginia,,23238-1126,http://www.kindredspiritbrewing.com,8047080309,United States,,,
203,krikelkay-brewing-company-appomattox,Krikelkay Brewing Company,planning,,,,Appomattox,Virginia,,24522-4034,http://www.krikelkaybrewing.com,4344263419,United States,,,
204,lake-anne-brew-house-reston,Lake Anne Brew House,micro,11424 Washington Plz W,,,Reston,Virginia,,20190-4310,http://www.lakeannebrewhouse.com,5717582739,United States,-77.3411707,38.9682812,
205,legend-brewing-co-portsmouth,Legend Brewing Co,brewpub,1 High St,,,Portsmouth,Virginia,,23704-3814,,8042328871,United States,-76.29666342,36.83482035,
206,legend-brewing-co-richmond,Legend Brewing Co,micro,321 W 7th St,,,Richmond,Virginia,,23224-2307,http://www.legendbrewing.com,8042328871,United States,-77.4429749,37.5266924,
207,lickinghole-creek-craft-brewery-goochland,Lickinghole Creek Craft Brewery,micro,4100 Knolls Point Dr,,,Goochland,Virginia,,23063-2858,http://www.lickingholecreek.com,8043148717,United States,-78.0036966,37.7404672,
208,lidl-us-llc-arlington,Lidl US LLC,contract,3500 S Clark St,,,Arlington,Virginia,,22202-4045,,,United States,-77.051863,38.842856,
209,lonesome-pine-brewing-co-lebanon,Lonesome Pine Brewing Co.,micro,12262 US Highway 19,,,Lebanon,Virginia,,24266,http://www.lonesomepinebrewing.com,2762743697,United States,,,
210,long-way-brewing-radford,Long Way Brewing,planning,,,,Radford,Virginia,,24141-1403,,,United States,,,
211,loose-shoe-brewing-company-llc-amherst,"Loose Shoe Brewing Company, LLC",micro,198 Ambriar Plz,,,Amherst,Virginia,,24521-,http://www.looseshoebrewing.com,434946,United States,,,
212,lost-rhino-brewing-co-ashburn,Lost Rhino Brewing Co,micro,21730 Red Rum Dr Ste 142,,,Ashburn,Virginia,,20147-5870,http://www.lostrhino.com,5712912083,United States,-77.47673436,39.01564409,
213,loudoun-brewing-co-leesburg,Loudoun Brewing Co,micro,310 E Market St,,,Leesburg,Virginia,,20176-4101,http://www.loudounbrewing.com,5712236097,United States,-77.532576,39.09743,
214,louisa-brewing-llc-louisa,"Louisa Brewing, LLC",planning,,,,Louisa,Virginia,,23093-5715,http://www.louisabrewing.com,5409674873,United States,,,
215,mad-fox-brewing-co-falls-church,Mad Fox Brewing Co,brewpub,444 W Broad St Ste I,,,Falls Church,Virginia,,22046-3362,http://www.madfoxbrewing.com,7039426840,United States,,,
216,mad-science-brewing-company-adamstown,Mad Science Brewing Company,micro,1619 Buckeystown Pike,,,Adamstown,Maryland,,21710,http://www.madsciencebrewing.com,2404098723,United States,,,
217,main-line-brewery-richmond,Main Line Brewery,micro,1603 Ownby Ln,,,Richmond,Virginia,,23220,https://mainlinerva.com/,8043879670,United States,,,
218,makers-craft-brewery-norfolk,Makers Craft Brewery,planning,,,,Norfolk,Virginia,,23504-1905,http://www.makers.beer,7576249024,United States,,,
219,maltese-brewing-company-fredericksburg,Maltese Brewing Company,micro,11047 Pierson Dr Ste B,,,Fredericksburg,Virginia,,22408-2062,http://www.maltesebrewing.com,5406424512,United States,,,
220,manor-hill-brewing-ellicott-city,Manor Hill Brewing,micro,4411 Manor Ln,,,Ellicott City,Maryland,,21042-6111,http://www.manorhillbrewing.com,4109977771,United States,,,
221,market-street-public-house-denton,Market Street Public House,brewpub,200 Market St,,,Denton,Maryland,,21629-1037,http://www.marketstreet.pub,4104794720,United States,-75.831804,38.886037,
222,mastiff-brewery-middle-river,Mastiff Brewery,planning,,,,Middle River,Maryland,,21220-2818,,3023127011,United States,,,
223,midnight-brewery-rockville,Midnight Brewery,micro,2410 Granite Ridge Rd Ste B,,,Rockville,Virginia,,23146-2234,http://www.midnight-brewery.com,8043569379,United States,,,
224,milkhouse-brewery-at-stillpoint-farm-mount-airy,Milkhouse Brewery at Stillpoint Farm,micro,8253 Dollyhyde Rd,,,Mount Airy,Maryland,,21771-9404,http://www.milkhousebrewery.com,2404011517,United States,,,
225,millercoors-brewing-co-shenandoah-facility-elkton,MillerCoors Brewing Co - Shenandoah Facility,large,5135 South East Side Hwy,,,Elkton,Virginia,,22827-3469,http://www.coors.com,5402898201,United States,-78.68239615,38.35777975,
226,mobtown-brewing-co-baltimore,Mobtown Brewing Co,planning,,,,Baltimore,Maryland,,21224-4716,,4104198312,United States,,,
227,momac-brewing-company-portsmouth,MoMac Brewing Company,micro,3228 Academy Ave,,,Portsmouth,Virginia,,23703-3203,http://www.momacbrewing.com,7573839572,United States,-76.39759141,36.86257934,
228,monocacy-brewing-co-frederick,Monocacy Brewing Co,micro,1781 N Market St,,,Frederick,Maryland,,21701-4305,,3016310671,United States,-77.3989904,39.4403205,
229,montross-brewery-montross,Montross Brewery,micro,15381 Kings Hwy,,,Montross,Virginia,,22520-2746,http://www.montrossbrewery.com,8044527394,United States,-76.83216539,38.09269187,
230,monument-city-brewing-co-baltimore,Monument City Brewing Co,micro,1 N Haven St Ste A,,,Baltimore,Maryland,,21224-1614,http://www.monumentcitybrewing.com,4105993008,United States,,,
231,mountain-valley-brewing-axton,Mountain Valley Brewing,micro,4220 Mountain Valley Rd,,,Axton,Virginia,,24054-2985,,2768332171,United States,-79.70721,36.715687,
232,mud-hound-brewing-co-macdowell-brew-kitchen-leesburg,Mud Hound Brewing Co / MacDowell Brew Kitchen,brewpub,202B Harrison St SE,,,Leesburg,Virginia,,20175-3701,http://www.macdowellbrewkitchen.com,7037772739,United States,-77.56266978,39.11221609,
233,mullys-brewery-prince-frederick,Mully's Brewery,micro,141 Schooner Ln Ste 15,,,Prince Frederick,Maryland,,20678-3482,http://www.mullysbrewery.com,4439689426,United States,,,
234,mustang-sally-brewing-co-chantilly,Mustang Sally Brewing Co,micro,14140 Parke Long Ct # A-C,,,Chantilly,Virginia,,20151-4009,http://www.msbrewing.com,7033787450,United States,,,
235,national-brewing-company-easton,National Brewing Company,contract,28102 Baileys Neck Rd,,,Easton,Maryland,,21601-8520,http://www.nationalpremiumbeer.com,4103103553,United States,,,
236,nepenthe-homebrew-and-brewery-baltimore,Nepenthe Homebrew & Brewery,planning,,,,Baltimore,Maryland,,21211-1900,http://www.nepenthehomebrew.com,4434384846,United States,,,
237,new-district-brewing-company-arlington,New District Brewing Company,micro,2709 S Oakland St,,,Arlington,Virginia,,22206-2309,http://www.newdistrictbrewing.com,7038885820,United States,-77.08966299,38.84421984,
238,new-realm-brewing-virginia-beach,New Realm Brewing,planning,,,,Virginia Beach,Virginia,,23454,,,United States,,,
239,nostrum-brewing-alexandria,Nostrum Brewing,planning,,,,Alexandria,Virginia,,22303-2214,,,United States,,,
240,ober-brewing-llc-salem,"Ober Brewing, LLC.",micro,1443 Lakeside Cir,,,Salem,Virginia,,24153-4144,http://www.oberbrewing.com,5403925418,United States,-80.03027545,37.30474414,
241,ocean-city-brewing-company-ocean-city,Ocean City Brewing Company,brewpub,5509 Coastal Hwy,,,Ocean City,Maryland,,21842-3144,http://www.ocbrewingcompany.com,4436646842,United States,-75.06838761,38.37965759,
242,ocean-view-community-brewing-co-norfolk,Ocean View Community Brewing Co.,planning,,,,Norfolk,Virginia,,23503-4838,,7576514170,United States,,,
243,ocelot-brewing-co-dulles,Ocelot Brewing Co,micro,23600 Overland Dr Ste 180,,,Dulles,Virginia,,20166-4441,http://www.ocelotbrewing.com,7036652146,United States,,,
244,oconnor-brewing-co-norfolk,O'Connor Brewing Co,micro,211 W 24th St,,,Norfolk,Virginia,,23517-1303,http://www.oconnorbrewing.com,7576520059,United States,-76.28625088,36.8697822,
245,old-690-brewing-co-purcellville,Old 690 Brewing Co,brewpub,15670 Ashbury Church Rd,,,Purcellville,Virginia,,20132-2817,http://www.old690.com,5406687023,United States,,,
246,old-bust-head-brewing-co-warrenton,Old Bust Head Brewing Co.,micro,7134 Lineweaver Rd,,,Warrenton,Virginia,,20187-3949,http://www.oldbusthead.com,5403474777,United States,,,
247,old-house-vineyards-culpeper,Old House Vineyards,micro,18351 Corkys Ln,,,Culpeper,Virginia,,22701,http://www.oldhousevineyards.com,5404231032,United States,,,
248,old-ox-brewery-llc-ashburn,Old Ox Brewery LLC,micro,44652 Guilford Dr Ste 114,,,Ashburn,Virginia,,20147-6006,http://www.oldoxbrewery.com,7037298375,United States,-77.45608031,39.02226368,
249,old-trade-brewery-brandy-station,Old Trade Brewery,micro,13270 Alanthus Rd,,,Brandy Station,Virginia,,22714-1905,http://www.oldtradebrewery.com,7742188645,United States,-77.910796,38.523145,
250,olde-mother-brewing-llc-frederick,"Olde Mother Brewing, LLC",micro,911 E Patrick St,,,Frederick,Maryland,,21701-3132,http://OldeMother.com,3016241700,United States,-77.3912138,39.40928,
251,olde-salem-brewing-company-salem,Olde Salem Brewing Company,micro,21 E Main St,,,Salem,Virginia,,24153-3806,http://oldesalembrewing.com,,United States,-80.04053168,37.29440174,
252,oliver-brewing-company-baltimore,Oliver Brewing Company,micro,4216 Shannon Dr,,,Baltimore,Maryland,,21213-2144,http://www.oliverbrewingco.com,4104833302,United States,-76.5531768,39.3149018,
253,ono-brewing-company-chantilly,Ono Brewing Company,micro,4520 Daly Dr Ste 102,,,Chantilly,Virginia,,20151-3735,http://www.onobrewco.com,5714096662,United States,-77.44370063,38.88327875,
254,pagan-river-brewing-company-smithfield,Pagan River Brewing Company,planning,,,,Smithfield,Virginia,,23430-2301,http://www.paganriverbrewing.com,7574143247,United States,,,
255,pale-fire-brewing-co-harrisonburg,Pale Fire Brewing Co,micro,217 S Liberty St Ste 105,,,Harrisonburg,Virginia,,22801-3675,http://www.palefirebrewing.com,5402175452,United States,,,
256,parkway-brewing-salem,Parkway Brewing,micro,739 Kessler Mill Rd,,,Salem,Virginia,,24153-3035,http://www.parkwaybrewing.com,5404049810,United States,-80.0332665,37.30925145,
257,patriot-acres-farm-brewery-sudlersville,Patriot Acres Farm Brewery,micro,1621 Millington Rd,,,Sudlersville,Maryland,,21668-1427,http://www.patriotacresfarmbrewery.com,4107085424,United States,-75.86736136,39.22228298,
258,peabody-heights-brewery-baltimore,Peabody Heights Brewery,micro,401 E 30th St,,,Baltimore,Maryland,,21218-3935,http://www.peabodyheightsbrewery.com,4104677837,United States,-76.61041505,39.32410525,
259,pen-druid-brewing-sperryville,Pen Druid Brewing,micro,7 River Ln,,,Sperryville,Virginia,,22740,http://www.pendruid.com,5409875064,United States,,,
260,phase-2-brewing-lansdowne,Phase 2 Brewing,brewpub,19382 Diamond Lake Drive,,,Lansdowne,Virginia,,20176,http://www.phase2brewing.com,5409870219,United States,-77.4939698,39.0808996,
261,pleasure-house-brewing-virginia-beach,Pleasure House Brewing,micro,3025 Shore Dr,,,Virginia Beach,Virginia,,23451-1247,http://www.pleasurehousebrewing.com,7574960916,United States,-76.079164,36.909938,
262,port-city-brewing-co-alexandria,Port City Brewing Co.,regional,3950 Wheeler Ave,,,Alexandria,Virginia,,22304-6409,http://www.portcitybrewing.com,7037972739,United States,-77.10149229,38.80803165,
263,porters-mill-brewery-midlothian,Porters Mill Brewery,micro,1918 Porters Mill Rd,,,Midlothian,Virginia,,23114,https://www.facebook.com/PortersMillBrew/?ref=bookmarks,8042471370,United States,,,
264,pratt-street-ale-house-baltimore,Pratt Street Ale House,brewpub,206 W Pratt St,,,Baltimore,Maryland,,21201-2426,http://www.oliverales.com,4102448900,United States,-76.61815436,39.28659055,
265,precarious-beer-project-williamsburg,Precarious Beer Project,micro,521 Prince George St,,,Williamsburg,Virginia,,23185-3621,http://www.theamberox.com,6166388866,United States,-76.70845653,37.27279075,
266,pro-re-nata-brewery-crozet,Pro Re Nata Brewery,micro,6135 Rockfish Gap Tpke,,,Crozet,Virginia,,22932-3325,http://www.prnbrewery.com,4348234878,United States,,,
267,pub-dog-brewing-company-westminster,Pub Dog Brewing Company,micro,1203 New Windsor Rd,,,Westminster,Maryland,,21158-6704,http://www.pubdog.com,4108483993,United States,-77.05229796,39.55045197,
268,public-house-kitchen-and-brewery-manassas,Public House Kitchen and Brewery,brewpub,9406 Battle St,,,Manassas,Virginia,,20110-5431,http://www.badwolfpublichouse.com,5712921427,United States,-77.4726206,38.7513396,
269,quattro-goombas-brewery-aldie,Quattro Goombas Brewery,brewpub,22860 James Monroe Hwy,,,Aldie,Virginia,,20105-1916,http://www.goombabrewery.com,7035091332,United States,,,
270,queen-city-brewing-staunton,Queen City Brewing,micro,834 Spring Hill Rd,,,Staunton,Virginia,,24401-2865,http://www.queencitybrewing.com,5402138014,United States,,,
271,random-row-brewing-co-charlottesville,Random Row Brewing Co.,micro,608 Preston Ave,,,Charlottesville,Virginia,,22903-4566,http://www.randomrow.com,4342848466,United States,-78.48712033,38.03470505,
272,rar-brewing-cambridge,RAR Brewing,proprietor,504 Poplar St,,,Cambridge,Maryland,,21613-1834,http://www.rarbrewing.com,4107257922,United States,-76.0774552,38.5702289,
273,reason-beer-charlottesville,Reason Beer,micro,1180 Seminole Trl Ste 290,,,Charlottesville,Virginia,,22901-5713,http://www.reasonbeer.com,4342494572,United States,-78.486033,38.06792831,
274,reaver-beach-brewing-co-virginia-beach,Reaver Beach Brewing Co,micro,1505 Taylor Farm Rd,,,Virginia Beach,Virginia,,23453-3099,http://www.reaverbeach.com,7575632337,United States,,,
275,red-bear-brewing-co-washington,Red Bear Brewing Co,planning,,,,Washington,District of Columbia,,20002-3406,http://www.redbear.beer,2062997485,United States,,,
276,red-dragon-brewery-fredericksburg,Red Dragon Brewery,micro,1419 Princess Anne St,,,Fredericksburg,Virginia,,22401-3638,http://www.reddragonbrewery.com,,United States,-77.46312137,38.30737927,
277,red-shedman-farm-brewery-mount-airy,Red Shedman Farm Brewery,micro,13601 Glissans Mill Rd,,,Mount Airy,Maryland,,21771-8507,http://www.redshedman.com,3018315889,United States,,,
278,redbeard-brewing-co-staunton,Redbeard Brewing Co,micro,120 S Lewis St,,,Staunton,Virginia,,24401-4256,http://redbeardbrews.com,5404303532,United States,-79.074515,38.147407,
279,restless-moons-brewing-harrisonburg,Restless Moons Brewing,micro,120 W Wolfe St,,,Harrisonburg,Virginia,,22802-3815,http://www.restlessmoons.com,5402172726,United States,-78.87084726,38.45189522,
280,richbrau-brewing-richmond,Richbrau Brewing,micro,5 S 20th St,,,Richmond,Virginia,,23223,https://www.richbraubrewing.com/,8046214100,United States,,,
281,right-mind-brewing-blacksburg,Right Mind Brewing,brewpub,1410 S Main St,,,Blacksburg,Virginia,,24060-5528,http://www.rightmindbrewing.com,5405527000,United States,-80.4010083,37.2152422,
282,right-proper-brewing-company-washington-1,Right Proper Brewing Company,micro,920 Girard St NE,,,Washington,District of Columbia,,20017-3424,http://www.rightproperbrewing.com,2026072337,United States,-76.99307078,38.9267988,
283,right-proper-brewing-company-washington-2,Right Proper Brewing Company,brewpub,624 T St NW,,,Washington,District of Columbia,,20001-5119,http://www.rightproperbrewery.com,2026072337,United States,-77.0213751,38.9154119,
284,right-turn-clyde-brewing-company-narrows,"Right Turn, Clyde Brewing Company",micro,300 Main St,,,Narrows,Virginia,,24124-1317,http://www.rtcbrewing.com,5409217283,United States,-80.807605,37.330026,
285,rip-rap-brewing-company-norfolk,Rip Rap Brewing Company,micro,116 E 25th St,,,Norfolk,Virginia,,23517-1408,http://www.riprapbrewing.com,,United States,-76.28310937,36.8703271,
286,rising-silo-brewery-blacksburg,Rising Silo Brewery,brewpub,2351 Glade Rd,,,Blacksburg,Virginia,,24060-1928,http://www.risingsilobrewery.com,5407500796,United States,-80.4630874,37.2361304,
287,river-company-restaurant-and-brewery-inc-the-fairlawn,"River Company Restaurant & Brewery Inc, The",brewpub,6633 Viscoe Rd,,,Fairlawn,Virginia,,24141-6903,http://www.therivercompanybrewery.com,5406333940,United States,-80.54498015,37.1460358,
288,rock-bottom-brewery-bethesda-bethesda,Rock Bottom Brewery - Bethesda,brewpub,7900 Norfolk Ave,,,Bethesda,Maryland,,20814-2502,http://www.rockbottom.com,3016521311,United States,-77.0976716,38.9890033,
289,rock-bottom-brewery-short-pump-richmond,Rock Bottom Brewery -Short Pump,brewpub,11800 W Broad St Ste 2098,,,Richmond,Virginia,,23233-7909,https://rockbottom.com/locations/richmond/,8042371684,United States,,,
290,rocket-frog-brewing-company-sterling,Rocket Frog Brewing Company,micro,22560 Glenn Dr Ste 103,,,Sterling,Virginia,,20164-7143,http://www.rocketfrogbeer.com,7032445711,United States,-77.4292242,38.9992947,
291,rockwell-brewery-frederick,Rockwell Brewery,micro,880 N East St Unit 201,,,Frederick,Maryland,,21701-5045,http://www.rockwellbrewery.com,3017324880,United States,,,
292,rubber-soul-brewing-salisbury,Rubber Soul Brewing,micro,1930 Northwood Dr,,,Salisbury,Maryland,,21801-7824,http://www.rubbersoulbrewing.com,4433047685,United States,-75.58418801,38.39109674,
293,ruddy-duck-brewery-and-grill-dowell,Ruddy Duck Brewery and Grill,brewpub,13200 Dowell Rd,,,Dowell,Maryland,,20629,http://www.ruddyduckbrewery.com,4103943825,United States,-76.45795,38.350501,
294,ruhlman-breweryour-ales-hampstead,Ruhlman Brewery/Our Ales,micro,2300 Harvey Gummel Rd,,,Hampstead,Maryland,,21074-1033,,,United States,,,
295,saints-row-brewing-rockville,Saints Row Brewing,micro,1211 Taft St,,,Rockville,Maryland,,20850-1344,http://www.saintsrowbeer.com,,United States,-77.13401808,39.09361715,
296,scorpion-brewing-owings,Scorpion Brewing,micro,"929 Skinners Turn Rd, Suite 100",,,Owings,Maryland,,20736,http://www.scorpionbrewing.com,7033072400,United States,,,
297,seven-arrows-brewing-co-waynesboro,Seven Arrows Brewing Co.,micro,2508 Jefferson Hwy Ste 1,,,Waynesboro,Virginia,,22980-6500,http://www.sevenarrowsbrewing.com,5402216968,United States,,,
298,shenandoah-valley-brewing-company-staunton,Shenandoah Valley Brewing Company,micro,19 Middlebrook Ave,,,Staunton,Virginia,,24401-4259,http://www.shenvalbrew.com,5408872337,United States,-79.07377931,38.1472346,
299,sigma-ingredients-llc-salisbury,Sigma Ingredients LLC,planning,,,,Salisbury,Maryland,,21801-6739,http://www.sigmaingredients.com,4104308903,United States,,,
300,silver-branch-brewing-company-silver-spring,Silver Branch Brewing Company,planning,,,,Silver Spring,Maryland,,20910-3487,http://www.silverbranchbrewing.com,2028418646,United States,,,
301,sinistral-brewing-company-manassas,Sinistral Brewing Company,micro,9419 Main St,,,Manassas,Virginia,,20110,http://www.sinistralbrewingcompany.com,7036864575,United States,-77.471427,38.75099522,
302,skipping-rock-beer-co-staunton,Skipping Rock Beer Co.,planning,,,,Staunton,Virginia,,24401-6122,http://www.skippingrockbeer.com,5402923417,United States,,,
303,slate-farm-brewery-whiteford,Slate Farm Brewery,micro,2128 Whiteford Rd,,,Whiteford,Maryland,,21160-1402,,,United States,-76.3369752,39.7036891,
304,smartmouth-brewing-co-norfolk,Smartmouth Brewing Co,micro,1309 Raleigh Ave Ste A,,,Norfolk,Virginia,,23507-1367,http://www.smartmouthbrewing.com,7576243939,United States,,,
305,smartmouth-brewing-pilot-house-virginia-beach,Smartmouth Brewing Pilot House,micro,313 32nd St,,,Virginia Beach,Virginia,,23451-2950,,,United States,-75.98078847,36.86023395,
306,smoketown-brewing-station-brunswick,Smoketown Brewing Station,micro,223 W Potomac St,,,Brunswick,Maryland,,21716-1117,http://www.smoketownbrewing.com,3018344828,United States,-77.6302935,39.3136514,
307,soaring-ridge-craft-brewers-roanoke,Soaring Ridge Craft Brewers,micro,523 Shenandoah Ave NW,,,Roanoke,Virginia,,24016-2318,http://www.soaringridge.com,5405292140,United States,-79.94962582,37.27473423,
308,solace-brewing-company-dulles,Solace Brewing Company,micro,42615 Trade West Dr Ste 100,,,Dulles,Virginia,,20166-2259,http://www.solacebrewing.com,7033455630,United States,,,
309,south-street-brewery-charlottesville,South Street Brewery,brewpub,106 W South St Ste 202,,,Charlottesville,Virginia,,22902-3600,http://www.southstreetbrewery.com,4342936550,United States,,,
310,spencer-devon-brewing-fredericksburg,Spencer Devon Brewing,brewpub,106 George St,,,Fredericksburg,Virginia,,22401-5863,http://www.spencerdevonbrewing.com,5404798381,United States,-77.4587704,38.30272523,
311,stable-craft-brewing-waynesboro,Stable Craft Brewing,brewpub,375 Madrid Rd,,,Waynesboro,Virginia,,22980-6230,http://www.stablecraftbrewing.com,5404902609,United States,,,
312,starr-hill-brewery-llc-crozet,Starr Hill Brewery LLC,regional,5391 Three Notch D Rd,,,Crozet,Virginia,,22932-3181,http://www.starrhill.com,4348235671,United States,,,
313,starr-hill-pilot-brewery-and-side-stage-roanoke,Starr Hill Pilot Brewery & Side Stage,micro,6 Old Whitmore Ave SE,,,Roanoke,Virginia,,24016-1212,,4348235671,United States,,,
314,staunton-river-brewing-company-brookneal,Staunton River Brewing Company,micro,1571 Mount Calvary Rd,,,Brookneal,Virginia,,24528-3156,http://www.stauntonriverbrewing.com,4343769463,United States,,,
315,steam-bell-beer-works-midlothian,Steam Bell Beer Works,micro,1717 Oak Lake Blvd E,,,Midlothian,Virginia,,23112-3995,http://www.steambell.beer,8047281876,United States,,,
316,steinhardt-brewing-company-frederick,Steinhardt Brewing Company,micro,5710 Jefferson Blvd,,,Frederick,Maryland,,21703-6947,http://www.steinhardtbrewing.com,,United States,-77.512519,39.391045,
317,stillwater-artisanal-ales-baltimore,Stillwater Artisanal Ales,contract,720 S Conkling St,,,Baltimore,Maryland,,21224-4301,,4436685255,United States,-76.56726435,39.28408355,
318,stone-brewing-co-richmond-richmond,Stone Brewing Co- Richmond,regional,4300 Williamsburg Ave,,,Richmond,Virginia,,23231-1225,http://www.stonebrewing.com/visit/outposts/richmond,8044895902,United States,-77.414763,37.5241103,
319,straight-shot-brewing-poquoson,Straight Shot Brewing,planning,,,,Poquoson,Virginia,,23662-0000,,,United States,,,
320,strangeways-brewing-fxbg-fredericksburg,Strangeways Brewing - FXBG,micro,350 Lansdowne Rd,,,Fredericksburg,Virginia,,22401-7351,,8043034336,United States,-77.45625316,38.27297555,
321,strangeways-brewing-rva-richmond,Strangeways Brewing - RVA,micro,2277 Dabney Rd Ste A,,,Richmond,Virginia,,23230-3335,http://strangewaysbrewing.com/,8043034336,United States,,,
322,streetcar-82-brewing-co-hyattsville,Streetcar 82 Brewing Co.,micro,4824 Rhode Island Ave,,,Hyattsville,Maryland,,20781-2034,http://www.streetcar82brewing.com,2407820152,United States,-76.9430028,38.9493263,
323,studio-brew-bristol,Studio Brew,brewpub,221 Moore St,,,Bristol,Virginia,,24201-4302,http://www.studiobrew.beer,4233603258,United States,-82.18231373,36.59862808,
324,sugar-hill-brewing-company-saint-paul,Sugar Hill Brewing Company,brewpub,16622 Broad St,,,Saint Paul,Virginia,,24283-,http://www.sugarhillbrewing.com,2767381088,United States,-82.3106732,36.90512687,
325,sunken-city-brewing-co-hardy,Sunken City Brewing Co,micro,40 Brewery Dr,,,Hardy,Virginia,,24101-1100,http://www.sunkencitybeer.com,5404200476,United States,,,
326,suspended-brewing-co-baltimore,Suspended Brewing Co,micro,912 Washington Blvd,,,Baltimore,Maryland,,21230-2318,http://www.suspendedbrewing.com,3016466359,United States,-76.63148921,39.2831169,
327,swover-creek-farm-brewery-edinburg,Swover Creek Farm Brewery,micro,4176 Swover Creek Rd,,,Edinburg,Virginia,,22824-3744,http://www.swovercreekfarms.com,5409848973,United States,,,
328,tabol-brewing-richmond,Tabol Brewing,planning,704 Dawn St,,,Richmond,Virginia,,23222,http://tabolbrewing.com/taste,8043035528,United States,,,
329,tall-tales-brewing-co-llc-parsonsburg,Tall Tales Brewing Co. LLC,brewpub,6929 Heron Grove Ct Ste 102,,,Parsonsburg,Maryland,,21849-2155,http://www.talltalesbrew.com,4105432739,United States,,,
330,teneyck-brewing-queenstown,TenEyck Brewing,planning,,,,Queenstown,Maryland,,21658-1386,,8134777249,United States,,,
331,the-answer-brewpub-richmond,The Answer Brewpub,brewpub,6008 W Broad St,,,Richmond,Virginia,,23230-2222,http://www.theanswerbrewpub.com,8042821248,United States,-77.5070979,37.5931962,
332,the-bold-mariner-brewing-company-norfolk,The Bold Mariner Brewing Company,micro,2409 Bowdens Ferry Rd,,,Norfolk,Virginia,,23508-2450,http://www.boldmariner.com,,United States,-76.30542793,36.87609575,
333,the-brewers-art-old-line-brewery-llc-baltimore,The Brewer's Art / Old Line Brewery LLC,brewpub,1106 N Charles St,,,Baltimore,Maryland,,21201-5557,http://www.thebrewersart.com,,United States,-76.6146068,39.303716,
334,the-craft-of-brewing-ashburn,The Craft Of Brewing,micro,"21140 Ashburn Crossing Drive, Suite 170",,,Ashburn,Virginia,,20147,http://www.thecraftob.com,7036873932,United States,,,
335,the-farm-brewery-at-broad-run-broad-run,The Farm Brewery At Broad Run,micro,16015 John Marshall Hwy,,,Broad Run,Virginia,,20137-2250,http://www.thefarmatbroadrun.com,7037533548,United States,,,
336,the-federal-brewing-company-federalsburg,The Federal Brewing Company,micro,102 S Main St,,,Federalsburg,Maryland,,21632-1215,http://www.fedbrew.com,,United States,-75.77333325,38.69360488,
337,the-oozlefinch-craft-brewery-fort-monroe,The Oozlefinch Craft Brewery,micro,81 Patch Rd,,,Fort Monroe,Virginia,,23651-1052,http://www.oozlefinchbeers.com,7572247042,United States,,,
338,the-public-option-washington,The Public Option,brewpub,1601 Rhode Island Ave NE,,,Washington,District of Columbia,,20018-1841,http://www.thepublicoptiondc.com,2023975129,United States,-76.9817377,38.926148,
339,the-st-george-brewing-company-hampton,The St. George Brewing Company,micro,204 Challenger Way,,,Hampton,Virginia,,23666-1365,http://www.stgbeer.com,7578657781,United States,-76.39442194,37.09992525,
340,the-vanguard-brewpub-and-distillery-hampton,The Vanguard Brewpub & Distillery,brewpub,504 N King St,,,Hampton,Virginia,,23669-3057,http://www.thevanguard757.com,7576408100,United States,-76.34538304,37.03124955,
341,the-veil-brewing-company-richmond,The Veil Brewing Company,micro,1301 Roseneath Rd,,,Richmond,Virginia,,23230-4623,http://www.theveilbrewing.com,,United States,-77.4753435,37.56830695,
342,the-virginia-beer-company-williamsburg,The Virginia Beer Company,micro,401 Second St,,,Williamsburg,Virginia,,23185-4815,http://www.virginiabeerco.com,7573782903,United States,,,
343,three-notchd-brewing-company-charlottesville,Three Notch'd Brewing Company,micro,520 2nd St SE,,,Charlottesville,Virginia,,22902-5794,,,United States,-78.4820248,38.0261159,
344,three-notchd-rva-collab-house-richmond,Three Notch'd RVA Collab House,micro,2930 W Broad St,,,Richmond,Virginia,,23230-5114,http://www.threenotchdbrewing.com,4342930610,United States,-77.47194883,37.56369964,
345,three-notchd-sour-house-charlottesville,Three Notch'd Sour House,micro,520 2nd St SE,,,Charlottesville,Virginia,,22902-5794,http://threenotchdbrewing.com/,4349563141,United States,-78.4820248,38.0261159,
346,three-notchd-valley-collab-house-harrisonburg,Three Notch'd Valley Collab House,micro,241 E Market St,,,Harrisonburg,Virginia,,22801,,4342930610,United States,-78.8654965,38.4487621,
347,tin-cannon-brewing-company-gainesville,Tin Cannon Brewing Company,micro,7679 Limestone Dr Ste 130,,,Gainesville,Virginia,,20155-4041,http://www.tincannonbrewing.com,5712480489,United States,,,
348,tradition-brewing-company-newport-news,Tradition Brewing Company,micro,700 Thimble Shoals Blvd Ste 103,,,Newport News,Virginia,,23606-4532,http://www.traditionbrewing.com,7575929393,United States,-76.4770317,37.0845471,
349,trapezium-brewing-company-petersburg,Trapezium Brewing Company,brewpub,423 3rd St,,,Petersburg,Virginia,,23803-,http://www.trapeziumbrewing.com,8046775728,United States,-77.4014401,37.23348663,
350,triple-crossing-brewing-company-downtown-richmond,Triple Crossing Brewing Company (Downtown),micro,113 S. Foushee St.,,,Richmond,Virginia,,23220-5616,http://www.triplecrossingbeer.com,8043991780,United States,-77.4455177,37.5415927,
351,triple-crossing-brewing-company-fullton-richmond,Triple Crossing Brewing Company (Fullton),brewpub,5203 Hatcher St,,,Richmond,Virginia,,23231-3199,http://www.triplecrossingbeer.com,8044951955,United States,-77.40752567,37.51296194,
352,true-respite-brewing-company-derwood,True Respite Brewing Company,micro,7301 Calhoun Pl Ste 600,,,Derwood,Maryland,,20855-2740,http://www.truerespite.com,3012848447,United States,-77.152035,39.108112,
353,tucked-away-brewing-manassas,Tucked Away Brewing,planning,,,,Manassas,Virginia,,22010,,9373712176,United States,,,
354,tuppers-hop-pocket-ale-bethesda,Tuppers Hop Pocket Ale,contract,6404 Redwing Rd,,,Bethesda,Maryland,,20817-5920,http://www.tuppersbeers.com,3012292027,United States,,,
355,tusculum-farm-enterprises-llc-laytonsville,"Tusculum Farm Enterprises, LLC",planning,,,,Laytonsville,Maryland,,20882-2117,http://tusculumfarm.com,8337332216,United States,,,
356,twin-creeks-brewing-company-vinton,Twin Creeks Brewing Company,micro,111 S Pollard St,,,Vinton,Virginia,,24179-2414,http://www.twincreeksbrewing.com,5404000882,United States,-79.8974689,37.28075143,
357,twinpanzee-brewing-company-sterling,Twinpanzee Brewing Company,micro,101 Executive Dr Ste D,,,Sterling,Virginia,,20166-9557,http://www.twinpanzee.com,7037919363,United States,,,
358,twisted-ales-craft-brewing-co-richmond,Twisted Ales Craft Brewing Co.,micro,212 W 6th St,,,Richmond,Virginia,,23224-2349,http://www.twistedales.com,8042309439,United States,-77.4420409,37.5259842,
359,two-fathers-beer-co-virginia-beach,Two Fathers Beer Co,contract,2016 Belvidere Rd,,,Virginia Beach,Virginia,,23454-2233,http://www.twofathersbeer.com,7573092518,United States,-76.0389065,36.86874825,
360,union-craft-brewing-baltimore,Union Craft Brewing,micro,1700 Union Ave Ste D,,,Baltimore,Maryland,,21211-1499,http://www.unioncraftbrewing.com,4106169282,United States,,,
361,vanish-farmwoods-brewery-leesburg,Vanish Farmwoods Brewery,brewpub,42245  Black Hops Ln,,,Leesburg,Virginia,,20176-5498,http://vanishbeer.com,7037797407,United States,,,
362,vasen-brewing-company-richmond,Vasen Brewing Company,micro,3331 Moore St,,,Richmond,Virginia,,23230-4423,http://www.vasenbrewing.com,8045885678,United States,-77.4517779,37.5574905,
363,vibrant-shore-brewing-company-virginia-beach,Vibrant Shore Brewing Company,planning,,,,Virginia Beach,Virginia,,23451-2005,,8082805895,United States,,,
364,waredaca-brewing-company-gaithersburg,Waredaca Brewing Company,micro,4017 Damascus Rd,,,Gaithersburg,Maryland,,20882-2105,http://www.waredacabrewing.com,2404322255,United States,,,
365,wasserhund-brewing-company-virginia-beach,Wasserhund Brewing Company,brewpub,1805 Laskin Rd Ste 102,,,Virginia Beach,Virginia,,23454-4553,http://www.wasserhundbrewing.com,7573511326,United States,-76.02762147,36.849165,
366,waters-end-brewery-lake-ridge,Water's End Brewery,micro,12425 Dillingham Sq,,,Lake Ridge,Virginia,,22192-5252,http://watersendbrewery.com,5409075689,United States,-77.31791007,38.68474967,
367,waverly-brewing-company-baltimore,Waverly Brewing Company,micro,1625-C Union Ave,,,Baltimore,Maryland,,21211,http://www.waverlybrewingcompany.com,4434385765,United States,,,
368,wharf-hill-brewing-smithfield,Wharf Hill Brewing,brewpub,25 Main St,,,Smithfield,Virginia,,23430-1320,http://www.wharfhillbrewing.com,7573577100,United States,-76.63061077,36.98242438,
369,wheatland-spring-brewery-alexandria,Wheatland Spring Brewery,planning,,,,Alexandria,Virginia,,22314-4308,,,United States,,,
370,white-marsh-brewing-cored-brick-station-baltimore,White Marsh Brewing Co/Red Brick Station,brewpub,8149 Honeygo Blvd Ste A,,,Baltimore,Maryland,,21236-8209,http://www.redbrickstation.com,4109317827,United States,,,
371,white-rock-vineyards-and-winery-goodview,White Rock Vineyards & Winery,micro,2117 Bruno Dr,,,Goodview,Virginia,,24095-2974,http://www.whiterockwines.com,5408903359,United States,-79.70797231,37.23145289,
372,wild-wolf-brewing-co-nellysford,Wild Wolf Brewing Co,micro,2461 Rockfish Valley Hwy,,,Nellysford,Virginia,,22958-2306,http://www.wildwolfbeer.com,4343610088,United States,,,
373,winchester-brew-works-llc-winchester,Winchester Brew Works LLC,micro,320 N Cameron St,,,Winchester,Virginia,,22601-6052,http://winchesterbrewworks.com,5406929242,United States,-78.16221305,39.18857712,
374,wolf-hills-brewing-co-abingdon,Wolf Hills Brewing Co,micro,350 Park St SE,,,Abingdon,Virginia,,24210-3314,http://www.wolfhillsbrewing.com,2762067562,United States,-81.966309,36.7123245,
375,wood-ridge-farm-brewery-lovingston,Wood Ridge Farm Brewery,micro,151 Old Ridge Rd,,,Lovingston,Virginia,,22949-2550,,4344226225,United States,,,
376,woodbine-farm-brewery-manassas,Woodbine Farm Brewery,planning,,,,Manassas,Virginia,,20112,http://Woodbinefarmandbrewery.com,5712057460,United States,,,
377,woodstock-brewhouse-woodstock,Woodstock Brewhouse,brewpub,123 E Court St,,,Woodstock,Virginia,,22664-1761,http://www.woodstockbrewhouse.com,5404592739,United States,-78.50414235,38.88142648,
378,wort-hog-brewing-company-llc-warrenton,Wort Hog Brewing Company LLC,brewpub,50A S 3rd St,,,Warrenton,Virginia,,20186-3340,http://www.worthogbreweryllc.com,5403002739,United States,-77.7951382,38.7117948,
379,young-veterans-brewing-company-virginia-beach,Young Veterans Brewing Company,micro,2505 Horse Pasture Rd Ste 104,,,Virginia Beach,Virginia,,23453-2988,http://www.yvbc.com,7576894021,United States,,,
